{"text": " What is going on here? Breakfast!", "segments": [{"id": 0, "seek": 0, "start": 0.0, "end": 9.5, "text": " What is going on here?", "tokens": [50364, 708, 307, 516, 322, 510, 30, 50839], "temperature": 0.0, "avg_logprob": -0.7137920673076923, "compression_ratio": 0.8048780487804879, "no_speech_prob": 0.05858008563518524}, {"id": 1, "seek": 0, "start": 9.5, "end": 11.5, "text": " Breakfast!", "tokens": [50839, 45371, 0, 50939], "temperature": 0.0, "avg_logprob": -0.7137920673076923, "compression_ratio": 0.8048780487804879, "no_speech_prob": 0.05858008563518524}], "language": "en"}